year,region,educ,educ_count,educ_share
1978,Northeast,Less than high school,9582474.765622457,0.33089057520191534
1978,Northeast,High school,10711514.584011078,0.3698772299096055
1978,Northeast,Some college,3897658.9309832253,0.13458930361505062
1978,Northeast,College,3222409.7775993347,0.11127240623386683
1978,Northeast,Advanced,1545590.4895706177,0.05337048503956178
1978,Midwest,High school,12096731.754051844,0.37218245422985535
1978,Midwest,Less than high school,10447755.335723877,0.3214480821020373
1978,Midwest,College,3359653.736932119,0.1033671076284777
1978,Midwest,Some college,5093246.359608333,0.1567048826623242
1978,Midwest,Advanced,1504767.648153941,0.04629747337730549
1978,South,High school,12417621.254504045,0.31423300123182846
1978,South,Less than high school,15414861.581204096,0.39007939757206206
1978,South,Some college,5866173.07937177,0.1484459168705714
1978,South,Advanced,1739633.9924252827,0.044022152011314306
1978,South,College,4078951.139188131,0.10321953231422375
1978,West,Less than high school,5587238.424972017,0.2528034292485247
1978,West,High school,6957554.487250646,0.31480554430952773
1978,West,College,2783407.5504353843,0.1259396718424139
1978,West,Some college,5354071.648378074,0.24225343008501693
1978,West,Advanced,1418845.9061539967,0.06419792451451672
1979,Northeast,Less than high school,9290608.541210175,0.31974232577072426
1979,Northeast,High school,10867377.74265035,0.3740078617079922
1979,Northeast,College,3294979.0462506614,0.1133988434601246
1979,Northeast,Some college,4030098.617389679,0.13869846084826074
1979,Northeast,Advanced,1573485.0058339436,0.054152508212898263
1979,Midwest,Some college,5412245.886299769,0.16378027808709494
1979,Midwest,High school,12486597.615630785,0.3778576348547658
1979,Midwest,College,3466024.48474439,0.10488556246216983
1979,Midwest,Less than high school,10099416.274079641,0.3056190056096946
1979,Midwest,Advanced,1581488.7072315216,0.0478575189862748
1979,South,High school,12731520.469427427,0.31517716188174966
1979,South,Less than high school,15111037.272758326,0.37408366519568526
1979,South,College,4308719.494968414,0.10666518465172636
1979,South,Some college,6352923.739080747,0.15727080504978458
1979,South,Advanced,1890605.5300947826,0.04680318322105424
1979,West,High school,7177215.687544823,0.31247303323998005
1979,West,College,3074053.533121506,0.13383446640784205
1979,West,Some college,5538784.154218276,0.24114096057243697
1979,West,Less than high school,5561840.926206191,0.24214477873722878
1979,West,Advanced,1617177.9837252297,0.07040676104251212
1980,Northeast,High school,11175686.93602848,0.37516200227720176
1980,Northeast,Less than high school,9304210.866887411,0.3123375232691723
1980,Northeast,Some college,4165018.0479405723,0.13981749124956744
1980,Northeast,Advanced,1706748.8559099834,0.0572946720709644
1980,Northeast,College,3437298.1098114653,0.11538831113309417
1980,Midwest,Some college,5602049.381418228,0.1639392631633207
1980,Midwest,High school,13087396.869519075,0.3829916613430026
1980,Midwest,College,3571818.9111258187,0.10452627611335677
1980,Midwest,Advanced,1658691.2882137299,0.04854020539467951
1980,Midwest,Less than high school,10251536.53635025,0.30000259398564044
1980,South,Less than high school,15339280.679692745,0.36468629271730646
1980,South,Some college,6649099.80830129,0.15808013489230455
1980,South,High school,13505229.383295218,0.32108233358106997
1980,South,College,4568515.578394572,0.10861493731656197
1980,South,Advanced,1999451.8182703655,0.04753630149275702
1980,West,Advanced,1775587.3010733922,0.07242523664397942
1980,West,High school,7592586.426779429,0.30969745524026865
1980,West,College,3450684.6552616754,0.1407515432161481
1980,West,Less than high school,5775491.676741342,0.23557915241365848
1980,West,Some college,5921790.768259685,0.2415466124859454
1981,Northeast,High school,11371636.1624616,0.3779634060379822
1981,Northeast,Less than high school,9018328.470970789,0.29974562120703424
1981,Northeast,College,3525310.612651825,0.11717209269306227
1981,Northeast,Some college,4319908.84184138,0.14358245694017355
1981,Northeast,Advanced,1851422.130558014,0.06153642312174774
1981,Midwest,Some college,5828673.492831866,0.16779446354142272
1981,Midwest,Less than high school,9866874.16199112,0.2840452221038112
1981,Midwest,High school,13542777.716483116,0.3898662576643951
1981,Midwest,Advanced,1753727.8101959229,0.050485898287387095
1981,Midwest,College,3744930.207660675,0.10780815840298397
1981,South,College,4774252.089921315,0.11104670838382295
1981,South,High school,13939887.6209205,0.3242347924634065
1981,South,Some college,6850691.867779732,0.1593436558732912
1981,South,Less than high school,15333019.924898466,0.35663835092369595
1981,South,Advanced,2095337.2132453918,0.04873649235578344
1981,West,Some college,6202431.5863860445,0.24553874262397785
1981,West,High school,7843018.9231033325,0.3104854891074966
1981,West,Advanced,1790955.527622382,0.07089944680939075
1981,West,College,3564991.8561088247,0.14112910487154862
1981,West,Less than high school,5859102.833072345,0.23194721658758624
1982,Northeast,Less than high school,8712308.409197489,0.28887208896547667
1982,Northeast,High school,11471771.114100775,0.3803669854439133
1982,Northeast,Some college,4361865.904907227,0.14462542607050607
1982,Northeast,Advanced,1932791.3632189434,0.06408513707320843
1982,Northeast,College,3681007.752946218,0.12205036244689553
1982,Midwest,High school,13535148.126199722,0.3945099784932478
1982,Midwest,Some college,5860153.462252934,0.17080633287532762
1982,Midwest,College,3871704.900683721,0.11284887338205983
1982,Midwest,Less than high school,9213207.040798822,0.26853803723682645
1982,Midwest,Advanced,1828546.3597246807,0.0532967780125383
1982,South,High school,14806878.076655865,0.32852401101572
1982,South,Less than high school,15435295.95422268,0.3424668800434403
1982,South,College,5123182.226000468,0.11366936131551131
1982,South,Some college,7391160.82184283,0.16398958556174287
1982,South,Advanced,2314398.8366063437,0.05135016206358565
1982,West,High school,8251058.925875981,0.3158446376124745
1982,West,Less than high school,5730106.642588139,0.21934438625002814
1982,West,College,3806050.492120107,0.14569289217514966
1982,West,Some college,6503725.871436119,0.24895797732732025
1982,West,Advanced,1832847.8788410823,0.07016010663502749
1983,Northeast,Less than high school,8370635.928775151,0.274749504440707
1983,Northeast,College,3900471.993279775,0.1280252487812221
1983,Northeast,Advanced,2056486.870698293,0.06750009837016693
1983,Northeast,High school,11638904.355273565,0.3820239263843028
1983,Northeast,Some college,4499928.61065038,0.14770122202360111
1983,Midwest,High school,13693319.884501776,0.394812923074302
1983,Midwest,Less than high school,8974748.258965174,0.25876461105596715
1983,Midwest,Advanced,1941987.6131280265,0.05599239721120848
1983,Midwest,Some college,6113501.915426254,0.17626766787078563
1983,Midwest,College,3959501.2761904397,0.11416240078773673
1983,South,Some college,7815189.970443408,0.16903929690679229
1983,South,Less than high school,15187649.4877038,0.3285025189122298
1983,South,Advanced,2500070.0990626016,0.0540754726835206
1983,South,High school,15326945.149228415,0.3315154259273297
1983,South,College,5403122.55655098,0.1168672855701277
1983,West,Advanced,1938144.4570639927,0.07242929468949684
1983,West,Some college,6669379.728514035,0.24923759835965112
1983,West,College,3969822.3431598344,0.14835397398253836
1983,West,High school,8472633.976818085,0.31662598774129397
1983,West,Less than high school,5709143.207753499,0.21335314522701979
1984,Northeast,Less than high school,8002572.900680542,0.25984319060333383
1984,Northeast,Some college,4726655.688262939,0.15347430259800487
1984,Northeast,College,4066048.0349413557,0.13202440110926444
1984,Northeast,High school,11850629.570134481,0.3847894216496413
1984,Northeast,Advanced,2151794.8428993225,0.06986868403975562
1984,Midwest,Less than high school,8791593.810300827,0.2509237801661197
1984,Midwest,High school,13979955.618911743,0.3990065267052969
1984,Midwest,Some college,6327534.814558029,0.18059625922905323
1984,Midwest,College,3988962.925258001,0.11385030720772019
1984,Midwest,Advanced,1948862.4633725483,0.055623126691810035
1984,South,Advanced,2610393.6984418235,0.054795824524639956
1984,South,High school,16160068.986051878,0.3392225107631633
1984,South,College,5617726.311796824,0.11792395353713041
1984,South,Less than high school,14989946.031725725,0.31465998898118763
1984,South,Some college,8260416.286564509,0.1733977221938787
1984,West,Some college,6910397.504747073,0.25140195275346544
1984,West,College,4202491.204472542,0.15288765870673734
1984,West,High school,8693814.066189447,0.31628308380439096
1984,West,Less than high school,5633421.830416362,0.2049452651425312
1984,West,Advanced,2047321.0128793716,0.0744820395928751
1985,Northeast,High school,11950820.083962759,0.3818472360838361
1985,Northeast,Less than high school,7866980.083653768,0.2513622144894419
1985,Northeast,Some college,4899814.1274808245,0.15655666044322955
1985,Northeast,College,4254246.772595723,0.1359297822510269
1985,Northeast,Advanced,2325524.2598228455,0.0743041067324656
1985,Midwest,Some college,6529615.56701533,0.18331256934459217
1985,Midwest,Less than high school,8665717.52692159,0.243281542193544
1985,Midwest,College,4184632.747566223,0.11747947070496861
1985,Midwest,Advanced,1949604.131702423,0.054733228766569546
1985,Midwest,High school,14290549.205533981,0.40119318899032574
1985,South,College,5813701.037644704,0.11972957362599324
1985,South,High school,16664514.349887213,0.34319535608672586
1985,South,Advanced,2648697.865606308,0.05454829274151995
1985,South,Some college,8455950.078919092,0.17414505682284448
1985,South,Less than high school,14974070.945561728,0.30838172072291653
1985,West,High school,8952319.218891144,0.3182584427878879
1985,West,College,4401564.318995793,0.15647732970002853
1985,West,Some college,7128101.089957237,0.253406776216971
1985,West,Less than high school,5574254.580612819,0.19816692626258087
1985,West,Advanced,2072847.1418387096,0.07369052503253164
1986,Northeast,Less than high school,7621994.227759044,0.24054561362527926
1986,Northeast,Some college,5073835.294771831,0.16012723021614356
1986,Northeast,High school,12133368.184694925,0.38292189788065384
1986,Northeast,Advanced,2426542.449488322,0.07658023937805704
1986,Northeast,College,4430533.863782247,0.1398250188998663
1986,Midwest,High school,14423690.773117065,0.40111607302380853
1986,Midwest,Less than high school,8450920.303011576,0.23501612858333737
1986,Midwest,College,4321355.341496785,0.12017486453275207
1986,Midwest,Some college,6716759.203619639,0.186789922051289
1986,Midwest,Advanced,2046169.429716746,0.056903011808812964
1986,South,High school,17138415.842910767,0.34466094181411916
1986,South,Some college,8956384.946846008,0.18011676804461682
1986,South,College,6069010.789162953,0.12205042715999904
1986,South,Less than high school,14871943.377179464,0.2990812020181657
1986,South,Advanced,2689681.737431844,0.05409066096309929
1986,West,Some college,7472291.505073547,0.25633098351003497
1986,West,High school,9320065.446681976,0.31971739066975413
1986,West,College,4495719.936607361,0.15422207660846526
1986,West,Less than high school,5652454.587127686,0.1939029336021584
1986,West,Advanced,2210417.827448527,0.0758266156095872
1987,Northeast,High school,12346680.875358582,0.38471509431025963
1987,Northeast,Less than high school,7379908.354011536,0.2299534722794205
1987,Northeast,College,4618008.26028188,0.14389433899807536
1987,Northeast,Some college,5243400.764320374,0.16338119045240282
1987,Northeast,Advanced,2505052.0525004067,0.07805590395984167
1987,Midwest,Less than high school,8184607.223925273,0.2254832912499733
1987,Midwest,Some college,6847750.2401822405,0.18865331219566708
1987,Midwest,High school,14703662.211823782,0.40508115517849297
1987,Midwest,College,4432916.011829376,0.12212540746733815
1987,Midwest,Advanced,2129129.58596166,0.05865683390852859
1987,South,Some college,9318541.589478811,0.1831027259475457
1987,South,High school,17620981.40317281,0.34623977344639467
1987,South,Less than high school,14679123.86219279,0.2884343615232492
1987,South,College,6368832.256056468,0.12514303187778333
1987,South,Advanced,2904945.0256373086,0.057080107205027104
1987,West,High school,9474453.576218287,0.31689808703356626
1987,West,College,4625941.75759697,0.15472682217693715
1987,West,Some college,7758718.314552307,0.259510796262228
1987,West,Less than high school,5735697.274730046,0.19184552222916645
1987,West,Advanced,2302667.0481554666,0.07701877229810218
1988,Northeast,High school,12594864.618647257,0.3887443527731238
1988,Northeast,Less than high school,7129117.588851929,0.22004239718611576
1988,Northeast,Some college,5321515.622561137,0.16425020904168994
1988,Northeast,College,4723903.626925151,0.14580473181845652
1988,Northeast,Advanced,2629434.767389933,0.08115830918061391
1988,Midwest,Some college,6996256.206801097,0.18963913629581222
1988,Midwest,High school,15093906.796696981,0.40913245079168997
1988,Midwest,Advanced,2275949.643637339,0.06169144066687797
1988,Midwest,Less than high school,8001947.614608765,0.21689920858581316
1988,Midwest,College,4524410.055605571,0.12263776365980664
1988,South,Less than high school,14512653.1428744,0.28085537134116817
1988,South,Some college,9613245.58712387,0.18603983934468704
1988,South,College,6595000.5014470415,0.12762940701428777
1988,South,High school,17818176.13817215,0.3448253345988475
1988,South,Advanced,3133972.8386904397,0.06065004770100954
1988,West,Less than high school,5912358.313976924,0.19268297565113343
1988,West,Some college,7902905.869452794,0.257554657270543
1988,West,College,4866272.409454346,0.1585911743484926
1988,West,High school,9556702.821289698,0.31145168124647393
1988,West,Advanced,2446144.0607922873,0.07971951148335706
1989,Northeast,Less than high school,7018670.234629313,0.2134609058857544
1989,Northeast,High school,12700756.118181864,0.3862718742711131
1989,Northeast,Advanced,2812912.450902303,0.08554994320496602
1989,Northeast,College,4852138.059183757,0.14756951829505818
1989,Northeast,Some college,5495877.530359904,0.1671477583431083
1989,Midwest,High school,15075783.16938273,0.402809341831499
1989,Midwest,Less than high school,7736562.648915608,0.20671295637740672
1989,Midwest,Some college,7392174.736550649,0.1975112673669025
1989,Midwest,Advanced,2450177.0358988442,0.06546619755088165
1989,Midwest,College,4771900.066684723,0.12750023687331008
1989,South,High school,18219924.748710632,0.34507082818834683
1989,South,Less than high school,14304883.2280159,0.2709230675048951
1989,South,College,6849263.592941284,0.1297195840868551
1989,South,Some college,10102828.631328583,0.19133950830967092
1989,South,Advanced,3323635.979841868,0.06294701191023211
1989,West,College,4935761.797545751,0.15903227233754005
1989,West,Less than high school,5933146.924806595,0.19116843078481943
1989,West,Some college,7960645.3755607605,0.2564952636041434
1989,West,High school,9674559.688155493,0.3117182866964053
1989,West,Advanced,2532113.7984167733,0.08158574657709193
1990,Northeast,Some college,5651285.280741374,0.17164017726433506
1990,Northeast,Less than high school,6761059.067375183,0.20534609724509928
1990,Northeast,High school,12650131.478309631,0.3842083174872687
1990,Northeast,College,4996769.18174235,0.1517612906617787
1990,Northeast,Advanced,2865944.016998291,0.08704411734151828
1990,Midwest,High school,14756458.797779083,0.3994685167007854
1990,Midwest,College,4827102.429943085,0.13067331899048407
1990,Midwest,Advanced,2439582.1515197754,0.06604133666432138
1990,Midwest,Some college,7557091.357446034,0.20457618704466138
1990,Midwest,Less than high school,7359995.045756022,0.19924064059974772
1990,South,High school,18481819.72823588,0.346348488754013
1990,South,Less than high school,13977516.83658727,0.26193805069366205
1990,South,Some college,10480403.799257914,0.19640230620035765
1990,South,Advanced,3347218.0389938354,0.06272671881787385
1990,South,College,7074959.804578145,0.1325844355340935
1990,West,Less than high school,6327686.319400151,0.194626758465409
1990,West,Some college,8313870.721134822,0.25571775007145653
1990,West,High school,10155681.500336329,0.31236810275465027
1990,West,Advanced,2652150.0561421714,0.08157474032937458
1990,West,College,5062514.541550954,0.15571264837910964
1991,Northeast,Some college,5869665.359285991,0.177179584711267
1991,Northeast,High school,12807900.641019186,0.3866146326398062
1991,Northeast,College,5097050.08384196,0.15385770087879472
1991,Northeast,Less than high school,6464058.612106323,0.1951217233586219
1991,Northeast,Advanced,2889664.3776372275,0.08722635841151022
1991,Midwest,College,5024375.691515605,0.13444567660583245
1991,Midwest,Less than high school,7179222.694972992,0.19210654457219425
1991,Midwest,High school,15012503.085006714,0.40171481169674117
1991,Midwest,Some college,7683093.76054128,0.20558947070903244
1991,Midwest,Advanced,2471851.7094434104,0.06614349641619963
1991,South,Some college,10890737.964406332,0.20056068936175164
1991,South,High school,18938657.53653717,0.34876885510678807
1991,South,College,7369148.725213368,0.13570811759206916
1991,South,Advanced,3321424.3171933494,0.061166392295574426
1991,South,Less than high school,13781490.027938843,0.2537959456438167
1991,West,Less than high school,6300438.763378143,0.19042264686126026
1991,West,High school,10229667.871650696,0.30917853593848293
1991,West,Some college,8534148.702082315,0.25793365281226327
1991,West,College,5252721.680455525,0.15875674745572244
1991,West,Advanced,2769627.266263962,0.08370841693227107
1992,Northeast,Advanced,3000385.047978719,0.09033417407947626
1992,Northeast,High school,12763291.15703837,0.3842711341278227
1992,Northeast,Less than high school,6178198.386405945,0.1860102752182134
1992,Northeast,Some college,6345517.883644104,0.19104785151215764
1992,Northeast,College,4926893.021570842,0.14833656506232995
1992,Midwest,Some college,8265807.34828949,0.21948668513718608
1992,Midwest,High school,15155245.210043589,0.4024258482484519
1992,Midwest,Less than high school,6797025.753190358,0.18048529181708536
1992,Midwest,Advanced,2444564.851003011,0.0649119212608509
1992,Midwest,College,4997077.94138972,0.13269025353642575
1992,South,Some college,11963205.945799509,0.21649349652452407
1992,South,High school,19072921.133954365,0.34515525386203794
1992,South,College,7311383.23822403,0.13231126579658103
1992,South,Less than high school,13229249.315242767,0.23940459218268237
1992,South,Advanced,3682202.588973999,0.06663539163417456
1992,West,Less than high school,6224197.201949437,0.18313276276730747
1992,West,High school,10150384.950173697,0.29865185481186307
1992,West,Some college,9351086.959162394,0.2751343400836323
1992,West,College,5607909.533231735,0.16499990807620818
1992,West,Advanced,2653770.7947419486,0.07808113426098903
1993,Northeast,Less than high school,5969996.433074951,0.17875317438564564
1993,Northeast,College,5115546.634615581,0.15316930418739855
1993,Northeast,Some college,6523672.960128784,0.1953313144068643
1993,Northeast,High school,12721075.334571838,0.38089346001207347
1993,Northeast,Advanced,3067696.973162333,0.09185274700801807
1993,Midwest,College,5143572.191469829,0.13535214416244692
1993,Midwest,Some college,8760388.532051086,0.23052799248655803
1993,Midwest,High school,15232614.790400187,0.4008434209401261
1993,Midwest,Advanced,2449313.800682068,0.06445323644893859
1993,Midwest,Less than high school,6415519.701101939,0.16882320596193032
1993,South,Some college,12647182.98131307,0.22532937547244236
1993,South,Less than high school,12705913.91982778,0.2263757591387484
1993,South,High school,19331751.551150005,0.3444254353119824
1993,South,College,7619470.311934154,0.13575279881343866
1993,South,Advanced,3823218.7785212197,0.06811663126338814
1993,West,High school,10349573.947255453,0.2979457708924605
1993,West,Some college,9817568.731786093,0.2826302898060277
1993,West,College,5724463.2217343645,0.16479708403817692
1993,West,Less than high school,6090687.7664814,0.17534003535776543
1993,West,Advanced,2754141.4774824777,0.07928681990556949
1994,South,Less than high school,12703118.423199972,0.22261836253660855
1994,South,Some college,13454703.063170115,0.23578965924374196
1994,South,High school,19082237.374654133,0.3344105200280634
1994,South,Advanced,3851048.655230204,0.06748847937294086
1994,South,College,7971204.3184712725,0.13969297881864537
1994,West,High school,10297054.35818418,0.29260048214890405
1994,West,Some college,10289140.289220175,0.29237559643750766
1994,West,Less than high school,5969819.321196874,0.16963802957257385
1994,West,Advanced,2765023.095602671,0.07857073127745119
1994,West,College,5870478.283142726,0.1668151605635632
1994,Northeast,Less than high school,5798880.766958873,0.17249009396240658
1994,Northeast,College,5280677.269312541,0.1570759177458571
1994,Northeast,High school,12632951.513206482,0.375772339716218
1994,Northeast,Some college,6744672.53250885,0.20062305910942785
1994,Northeast,Advanced,3161448.6100616455,0.09403858946609041
1994,Midwest,High school,14690011.955712637,0.3826490561881153
1994,Midwest,Advanced,2580642.106318156,0.06722120235973952
1994,Midwest,College,5497473.958808263,0.14319955818270633
1994,Midwest,Less than high school,6221953.35730807,0.16207097632038042
1994,Midwest,Some college,9400218.344664255,0.24485920694905852
1995,South,High school,19257608.65242386,0.33112049762437495
1995,South,Less than high school,12448891.30437088,0.2140495820625275
1995,South,College,8260863.091875712,0.14203949966780716
1995,South,Some college,14129005.992525736,0.24293792545182138
1995,South,Advanced,4062545.2833099365,0.06985249519346895
1995,West,High school,10162422.634778341,0.2840764572755166
1995,West,College,6021182.702601115,0.16831382754244736
1995,West,Some college,10692087.429052353,0.2988825034033362
1995,West,Advanced,2882929.492703756,0.08058830323191418
1995,West,Less than high school,6014925.229603131,0.16813890854678573
1995,Northeast,Some college,6790964.576796213,0.20239376252182426
1995,Northeast,Less than high school,5595029.397444407,0.166750840526873
1995,Northeast,College,5478133.577212015,0.16326694886283044
1995,Northeast,High school,12451707.141320547,0.3711030781639961
1995,Northeast,Advanced,3237395.8622639976,0.09648536992447612
1995,Midwest,Advanced,2772944.124373436,0.07162239806636966
1995,Midwest,College,5778051.4214379,0.14924134075283163
1995,Midwest,Less than high school,6078846.166079839,0.1570105708457333
1995,Midwest,High school,14364202.356289864,0.3710131084233589
1995,Midwest,Some college,9722114.55309073,0.25111258191170654
1996,South,College,8589068.513748169,0.14562096822333725
1996,South,Less than high school,12475737.55616506,0.2115164152342066
1996,South,High school,19612117.732139587,0.33250818391923054
1996,South,Some college,14122147.165042877,0.23943000807063966
1996,South,Advanced,4183290.0111338296,0.07092442455258595
1996,West,High school,10004713.724782309,0.2764043523530747
1996,West,Some college,10684531.118847528,0.295185947878342
1996,West,College,6430075.547363917,0.17764634912521077
1996,West,Less than high school,6147815.358427048,0.1698482304719107
1996,West,Advanced,2928798.358022054,0.08091512017146187
1996,Northeast,High school,12402227.439343771,0.36693364565277864
1996,Northeast,College,5712326.543566386,0.16900551244050208
1996,Northeast,Advanced,3237089.192606608,0.09577287181319433
1996,Northeast,Some college,6808185.884615581,0.20142772571633835
1996,Northeast,Less than high school,5639817.241803487,0.1668602443771867
1996,Midwest,High school,14520425.885409355,0.3698050587769366
1996,Midwest,Less than high school,5925589.842080434,0.15091245374837686
1996,Midwest,Some college,9931301.13880539,0.25292959244795915
1996,Midwest,College,5984898.030558904,0.1524229100049163
1996,Midwest,Advanced,2902866.9098498025,0.07392998502181101
1997,South,High school,20194786.87839508,0.33658514630820746
1997,South,Some college,14134268.32568868,0.23557489370937426
1997,South,Less than high school,12258052.31967163,0.20430412850181212
1997,South,College,8964469.912867228,0.14941021340640812
1997,South,Advanced,4447466.192899068,0.07412561807419801
1997,West,High school,10176654.244400024,0.27474422783136093
1997,West,Some college,10942736.177841822,0.2954265251959239
1997,West,College,6650783.467151006,0.17955452983592182
1997,West,Less than high school,6277811.778442383,0.1694852264915936
1997,West,Advanced,2992480.3857282004,0.0807894906451997
1997,Northeast,High school,12421761.334083557,0.36688807042027594
1997,Northeast,Some college,6823665.381011963,0.2015431916216106
1997,Northeast,College,5835777.590906779,0.17236502313523458
1997,Northeast,Less than high school,5505492.44296519,0.162609749518419
1997,Northeast,Advanced,3270390.2908325195,0.09659396530445985
1997,Midwest,Less than high school,5748415.032063167,0.14579048319225954
1997,Midwest,Some college,9982084.152469,0.2531641963457764
1997,Midwest,College,6126907.285485585,0.1553897498080482
1997,Midwest,High school,14672367.62218221,0.37211849758257043
1997,Midwest,Advanced,2899514.4744790397,0.07353707307134545
1998,South,Some college,14474010.145263672,0.2374426352711572
1998,South,College,9463721.816614786,0.15525006719340134
1998,South,Advanced,4678920.493754069,0.07675655890186966
1998,South,High school,20332570.10130183,0.3335508942052561
1998,South,Less than high school,12008701.569600424,0.1969998444283157
1998,West,Some college,10851551.910928091,0.28903473943282526
1998,West,Advanced,3188800.715376536,0.08493478089008531
1998,West,Less than high school,6352589.9732278185,0.1692033731863192
1998,West,College,6895868.015576045,0.1836737667944041
1998,West,High school,10255298.899969736,0.2731533396963662
1998,Northeast,High school,12269736.037439981,0.36312243872054645
1998,Northeast,College,5829377.092473348,0.1725202253399304
1998,Northeast,Some college,6914548.935165405,0.20463585070846324
1998,Northeast,Less than high school,5426546.735186259,0.16059847402576957
1998,Northeast,Advanced,3349319.824493408,0.09912301120529042
1998,Midwest,Advanced,3072700.8137861886,0.07741526431338602
1998,Midwest,College,6343699.287457149,0.15982654570849686
1998,Midwest,High school,14666615.129019419,0.3695185296601258
1998,Midwest,Less than high school,5587658.431410472,0.14077844885508
1998,Midwest,Some college,10020475.63606135,0.25246121146291123
1999,South,Less than high school,11561968.336591085,0.1876701341444487
1999,South,High school,20523564.573516846,0.33313186859753846
1999,South,Some college,14934682.315282186,0.24241493765758793
1999,South,Advanced,4876305.600723267,0.07915061688249525
1999,South,College,9711408.369972229,0.15763244271792962
1999,West,High school,10359073.75048256,0.2707013471389946
1999,West,Less than high school,6208137.590254466,0.16222987203154432
1999,West,Some college,11070693.45898056,0.289297258161647
1999,West,College,7256180.448489507,0.18961712888647422
1999,West,Advanced,3373451.503885905,0.08815439378133995
1999,Northeast,Less than high school,5239333.808469136,0.15426287151654738
1999,Northeast,Some college,7019394.2691014605,0.2066735878725728
1999,Northeast,College,6021034.7197647095,0.17727866544222418
1999,Northeast,High school,12213691.015642801,0.3596104231502343
1999,Northeast,Advanced,3470219.733103434,0.10217445201842132
1999,Midwest,High school,14462955.877799353,0.3624191662064439
1999,Midwest,Less than high school,5327480.524106979,0.13349837099978093
1999,Midwest,Advanced,3198289.291865667,0.08014415229076408
1999,Midwest,Some college,10333114.357376734,0.2589317648036777
1999,Midwest,College,6584868.05479304,0.1650065456993334
2000,South,High school,21049224.248524982,0.3324617016721744
2000,South,Some college,15360561.702128092,0.24261219424691124
2000,South,College,10028251.33112081,0.15839108667267404
2000,South,Less than high school,11796924.259086609,0.1863263684859324
2000,South,Advanced,5078268.652735393,0.08020864892230783
2000,West,High school,10488849.318155924,0.2692934331310863
2000,West,Some college,11422222.989023209,0.2932571104228301
2000,West,Less than high school,6222908.079785029,0.15976855325433464
2000,West,Advanced,3404383.05190595,0.08740501192577146
2000,West,College,7411154.179148356,0.19027589126597746
2000,Northeast,Less than high school,5358146.960057576,0.15235927131829943
2000,Northeast,College,6404641.704322815,0.1821164201727923
2000,Northeast,Advanced,3700674.223546346,0.10522892191816183
2000,Northeast,Some college,7308078.769002278,0.20780571422959948
2000,Northeast,High school,12396301.518585205,0.3524896723611469
2000,Midwest,Some college,10828979.806506475,0.26462130272421286
2000,Midwest,Less than high school,5302640.634489059,0.1295774576783077
2000,Midwest,High school,14674787.154452642,0.3585989967105292
2000,Midwest,College,6796658.329848607,0.1660858745285754
2000,Midwest,Advanced,3319489.042971929,0.08111636835837488
2001,South,High school,21011562.232444763,0.32870280746301356
2001,South,Some college,15601565.13086319,0.2440693463246163
2001,South,Less than high school,11741180.398084005,0.18367786826533683
2001,South,College,10379150.03132248,0.16237039952733523
2001,South,Advanced,5189215.684326172,0.08117957841969807
2001,West,High school,10423727.350731531,0.2655221142032924
2001,West,Some college,11470233.60356903,0.2921796181297432
2001,West,Advanced,3498369.7225144706,0.08911347100052826
2001,West,College,7544320.805020015,0.19217540357444374
2001,West,Less than high school,6320821.975727081,0.16100939309199247
2001,Northeast,High school,12457939.989512125,0.34988723922741277
2001,Northeast,Advanced,3949433.0648104353,0.11092172804840254
2001,Northeast,College,6430403.890096028,0.18060098749207618
2001,Northeast,Some college,7495820.3042907715,0.2105237201512473
2001,Northeast,Less than high school,5271988.187960307,0.14806632508086115
2001,Midwest,Some college,11141699.521619797,0.26846812967227257
2001,Midwest,High school,14727897.2682511,0.35488042250110075
2001,Midwest,College,6892973.408437729,0.16609168783030975
2001,Midwest,Advanced,3470274.6046435037,0.08361903233434002
2001,Midwest,Less than high school,5268168.874987285,0.12694072766197687
2002,South,Less than high school,11765251.70158132,0.18229017557738716
2002,South,High school,20962260.09193675,0.3247881277494821
2002,South,Some college,15746606.321470896,0.24397706941561806
2002,South,College,10820507.282674154,0.16765235648379337
2002,South,Advanced,5246711.864841461,0.0812922707737193
2002,West,High school,10424907.779003143,0.26357982420536974
2002,West,Less than high school,6260099.429652532,0.1582782257795407
2002,West,Some college,11582209.484546026,0.2928406470889978
2002,West,College,7635740.656124115,0.1930594708830548
2002,West,Advanced,3648278.4496650696,0.092241832043037
2002,Northeast,High school,12630213.119876862,0.35049281902482743
2002,Northeast,College,6776003.925566356,0.18803647215243535
2002,Northeast,Advanced,4089854.933230082,0.11349490078631266
2002,Northeast,Less than high school,5034332.169021606,0.13970447347803422
2002,Northeast,Some college,7505178.992118835,0.20827133455839025
2002,Midwest,Some college,11133921.858513197,0.26446607266800254
2002,Midwest,High school,14843217.75862503,0.3525736534047959
2002,Midwest,Less than high school,5322129.653656642,0.12641751447683022
2002,Midwest,College,7191316.239085515,0.17081664369778027
2002,Midwest,Advanced,3609037.1229635873,0.08572611575259112
2002,West,NA,0,0
2003,South,Advanced,5514243.5830459595,0.08361120287636718
2003,South,College,11235181.742473602,0.170356467913577
2003,South,Some college,16257237.085669199,0.24650473409595816
2003,South,High school,21228051.363119762,0.3218760438238254
2003,South,Less than high school,11716299.885902405,0.17765155129027221
2003,West,High school,10768057.304113388,0.2606147788525477
2003,West,Advanced,3960247.6926377616,0.09584821546444053
2003,West,Some college,12014538.218643188,0.2907828341209769
2003,West,College,8164644.457250595,0.19760546861347175
2003,West,Less than high school,6410419.7442855835,0.15514870294856306
2003,Northeast,High school,12655539.743404388,0.3507800091279467
2003,Northeast,Less than high school,4972428.705721538,0.1378233265546888
2003,Northeast,College,6926429.606291453,0.19198335983933393
2003,Northeast,Some college,7321539.130630493,0.20293481077420367
2003,Northeast,Advanced,4202343.827931722,0.11647849370382696
2003,Midwest,Less than high school,5056337.673487981,0.12060938385311328
2003,Midwest,Advanced,3725937.63595136,0.0888752040638979
2003,Midwest,Some college,11147872.839264551,0.2659114484118423
2003,Midwest,High school,14827886.379686356,0.35369121992682767
2003,Midwest,College,7165218.140290578,0.17091274374431886
2004,South,College,11343232.924849192,0.16967530969909267
2004,South,Some college,16717866.03322347,0.25007060293023536
2004,South,Less than high school,11481274.08337148,0.1717401686752476
2004,South,High school,21562157.786758423,0.32253289908507976
2004,South,Advanced,5748053.351343791,0.08598101961034464
2004,West,College,8550488.833108902,0.20281140645670517
2004,West,Some college,12137047.403939247,0.2878819798808654
2004,West,High school,10855210.722359976,0.2574777415603337
2004,West,Advanced,4128482.782836914,0.09792462349956764
2004,West,Less than high school,6488572.719034195,0.15390424860252808
2004,Northeast,College,6833648.882904053,0.190377438053423
2004,Northeast,Less than high school,4780264.685590108,0.13317256412406664
2004,Northeast,High school,12609978.398501078,0.3512991993810852
2004,Northeast,Some college,7379833.211404164,0.20559349245518094
2004,Northeast,Advanced,4291541.365666707,0.11955730598624423
2004,Midwest,Less than high school,4919079.800979614,0.11703808469100987
2004,Midwest,Some college,11321176.200733503,0.2693611066686544
2004,Midwest,Advanced,3725005.4365873337,0.08862785711973192
2004,Midwest,College,7231932.409270287,0.17206704343915616
2004,Midwest,High school,14832542.147907892,0.3529059080814476
2005,South,Less than high school,11684598.235229492,0.17114592151844202
2005,South,College,11600926.739186605,0.16992037357859832
2005,South,Advanced,5908717.367828369,0.08654579802838619
2005,South,Some college,16947745.803685505,0.24823596967902903
2005,South,High school,22130735.688569386,0.3241519371955444
2005,West,Some college,12330220.561689058,0.28786138207402084
2005,West,High school,11067919.372416496,0.2583916930997059
2005,West,Less than high school,6632790.896528562,0.15484916469500254
2005,West,College,8531594.630480766,0.19917864480512296
2005,West,Advanced,4271356.850054105,0.09971911532614786
2005,Northeast,College,6966660.5732421875,0.19357736714682752
2005,Northeast,Less than high school,4689132.246938069,0.13029339739213436
2005,Northeast,High school,12412580.031689962,0.3448990426292005
2005,Northeast,Some college,7506586.3670698805,0.20857987983206727
2005,Northeast,Advanced,4414065.096893311,0.12265031299977025
2005,Midwest,Some college,11484280.20520846,0.27141228260322925
2005,Midwest,Advanced,3769757.1205126443,0.08909207774938137
2005,Midwest,Less than high school,4864708.219900131,0.11496946596295803
2005,Midwest,High school,14797032.34718577,0.34970379103795207
2005,Midwest,College,7397267.394082387,0.17482238264647937
2006,South,Less than high school,11619453.843917847,0.16737428944238109
2006,South,Some college,17177793.527570087,0.2474402863065673
2006,South,Advanced,6207773.167427063,0.0894208658061373
2006,South,College,12034810.48050817,0.17335736083698647
2006,South,High school,22382144.617509205,0.3224071976079278
2006,West,High school,11298581.524276733,0.2594664710369052
2006,West,Some college,12669594.751894632,0.2909511280401395
2006,West,College,8584587.667603811,0.19714091212548765
2006,West,Less than high school,6681960.203636169,0.15344799078727725
2006,West,Advanced,4310715.38134257,0.09899349801019047
2006,Northeast,Some college,7549526.399847667,0.20872171221601005
2006,Northeast,High school,12271644.766792933,0.3392740910851498
2006,Northeast,Less than high school,4476797.009076436,0.12376998072313525
2006,Northeast,College,7274553.26612854,0.201119531596519
2006,Northeast,Advanced,4597775.9349530535,0.1271146843791859
2006,Midwest,Some college,11614083.39925766,0.27177506978989546
2006,Midwest,College,7631614.500907898,0.17858340536166561
2006,Midwest,High school,14795723.479086557,0.3462269593636431
2006,Midwest,Advanced,3929553.805796305,0.09195342612071314
2006,Midwest,Less than high school,4763199.837834676,0.11146113936408272
2007,South,Less than high school,11057103.933372498,0.1563433433885247
2007,South,Advanced,6478772.044813792,0.09160743071982243
2007,South,Some college,17776633.85441335,0.25135500106897574
2007,South,High school,22735401.692732494,0.3214701367864203
2007,South,College,12675303.763052622,0.17922408803625695
2007,West,High school,11461097.30087916,0.2573699757117292
2007,West,College,9089743.325084686,0.2041189388230257
2007,West,Advanced,4488667.764060974,0.10079735675272365
2007,West,Less than high school,6766002.065575917,0.151937091324511
2007,West,Some college,12726091.450117746,0.28577663738801046
2007,Northeast,Some college,7569516.1962343855,0.20851331760741573
2007,Northeast,High school,12402261.994879404,0.34163831972182696
2007,Northeast,College,7416675.689216614,0.20430310385571926
2007,Northeast,Less than high school,4287447.76897939,0.11810397589520182
2007,Northeast,Advanced,4626413.6324704485,0.1274412829198362
2007,Midwest,Some college,11759094.953358969,0.2741011177726205
2007,Midwest,Less than high school,4522662.728280385,0.10542196606517866
2007,Midwest,College,7849007.275760651,0.18295809977083946
2007,Midwest,High school,14774006.57992808,0.3443778397572665
2007,Midwest,Advanced,3995801.2473246255,0.0931409766340949
2008,South,High school,22737088.99383418,0.3170456005648013
2008,South,Advanced,6760623.294307709,0.09427002168647997
2008,South,College,12931630.45375824,0.18031844554092505
2008,South,Some college,18435657.75638199,0.2570665130775664
2008,South,Less than high school,10850515.986820221,0.15129941913022726
2008,West,Some college,12990549.0058225,0.2874868468339233
2008,West,College,9410217.202854156,0.20825245110567175
2008,West,Advanced,4699127.658250173,0.1039938645191143
2008,West,Less than high school,6597004.412020366,0.14599475327110198
2008,West,High school,11489687.294920603,0.25427208427018866
2008,Northeast,Advanced,4673953.446386973,0.12866639705448632
2008,Northeast,High school,12190434.764478048,0.3355830000586797
2008,Northeast,Some college,7781865.704504649,0.214222206970092
2008,Northeast,Less than high school,4166929.7957356772,0.11470885402394035
2008,Northeast,College,7512955.462650299,0.20681954189280166
2008,Midwest,High school,14697994.349599203,0.34121363237655417
2008,Midwest,Less than high school,4507742.262060165,0.10464714262846321
2008,Midwest,Some college,11896198.23128891,0.27616999390670716
2008,Midwest,College,7919245.830858867,0.18384512684915552
2008,Midwest,Advanced,4054455.6869901023,0.09412410423911986
2009,South,High school,22985851.262477875,0.31661365443537065
2009,South,Advanced,7037520.991967519,0.09693681621745052
2009,South,College,13177837.124468485,0.1815152774586557
2009,South,Some college,18562869.304490406,0.25569024267093016
2009,South,Less than high school,10834973.633115133,0.1492440092175929
2009,West,Some college,13155053.995919546,0.2878843567196308
2009,West,College,9641928.840794882,0.21100335146702395
2009,West,Advanced,4683308.730461121,0.10248922745633983
2009,West,High school,11628365.218772888,0.254474397577215
2009,West,Less than high school,6586962.614209493,0.14414866677979044
2009,Northeast,Advanced,4765448.799194336,0.13015397231243353
2009,Northeast,Some college,8038912.321829478,0.21955883188470418
2009,Northeast,High school,12052809.38675054,0.32918641775678764
2009,Northeast,Less than high school,4240353.418425242,0.11581256344836983
2009,Northeast,College,7516408.899107615,0.2052882145977048
2009,Midwest,High school,14801618.871868134,0.341644176165952
2009,Midwest,Less than high school,4466352.914634705,0.10309030891795863
2009,Midwest,Advanced,4252666.5380528765,0.09815809800797916
2009,Midwest,Some college,11969658.290383657,0.276278161261016
2009,Midwest,College,7834366.6003888445,0.1808292556470942
2010,South,Advanced,7225871.27658844,0.09841583430181047
2010,South,Some college,18946169.306151073,0.25804542977806116
2010,South,High school,23233893.330652874,0.31644391502294245
2010,South,College,13364041.508524576,0.18201726052978276
2010,South,Less than high school,10651860.889798483,0.14507756036740305
2010,West,Some college,13210584.59305191,0.2865521500972897
2010,West,College,9716923.136777243,0.21077077986677994
2010,West,Advanced,4886818.506668091,0.10600048320022631
2010,West,High school,11847080.618906656,0.25697624505649247
2010,West,Less than high school,6440444.373305003,0.13970034177921167
2010,Northeast,Less than high school,4158675.545654297,0.112667045326493
2010,Northeast,High school,12100856.168251038,0.3278369989268325
2010,Northeast,Advanced,4865831.91815567,0.13182536104477185
2010,Northeast,College,7666753.483642578,0.20770806781289877
2010,Northeast,Some college,8119080.2411015825,0.2199625268890038
2010,Midwest,College,7957375.842366536,0.1831515703737014
2010,Midwest,Some college,11946082.795279184,0.2749579593966924
2010,Midwest,High school,14855272.376150766,0.3419175514539877
2010,Midwest,Less than high school,4415012.911131541,0.10161849382414301
2010,Midwest,Advanced,4273199.096801758,0.09835442495147559
2011,South,Advanced,7546968.224885304,0.10172814193292205
2011,South,Some college,19413820.786525726,0.2616854685991494
2011,South,High school,23221153.781098682,0.3130058001172672
2011,South,College,13658789.344793955,0.18411144974977017
2011,South,Less than high school,10346882.828294119,0.13946913960089113
2011,West,Some college,13348309.95297114,0.28756636496095866
2011,West,College,9664360.898925781,0.2082020228153537
2011,West,Less than high school,6453425.407498677,0.13902794380108147
2011,West,High school,11873303.52087148,0.2557898899264904
2011,West,Advanced,5078789.477657318,0.10941377849611571
2011,Northeast,Less than high school,3963121.5206476846,0.10690256216406784
2011,Northeast,High school,12202408.358378092,0.32915183430198436
2011,Northeast,Advanced,4977228.748958588,0.1342574288898854
2011,Northeast,College,7750862.2396736145,0.2090743440706861
2011,Northeast,Some college,8178657.293134053,0.22061383057337636
2011,Midwest,College,8177119.525652568,0.18694042616350964
2011,Midwest,Some college,12154480.3219134,0.2778684748396355
2011,Midwest,High school,14643550.431591034,0.33477211011049907
2011,Midwest,Less than high school,4352586.7228724165,0.09950623986048056
2011,Midwest,Advanced,4414110.031636556,0.10091274902587515
2012,South,Advanced,7684893.0978597,0.10105406684479745
2012,South,College,14308139.506720224,0.18814779434465856
2012,South,High school,23650871.60667928,0.31100195277208575
2012,South,Some college,20224718.211722057,0.26594905095736
2012,South,Less than high school,10178718.74600347,0.13384713508109833
2012,West,Less than high school,6499908.991799672,0.13820529280936392
2012,West,Some college,13453117.424724579,0.2860489331817586
2012,West,High school,11693129.203689575,0.2486269188526277
2012,West,Advanced,5470783.54101944,0.1163233580865717
2012,West,College,9913886.212187449,0.2107954970696781
2012,Northeast,Advanced,5123054.595733643,0.13732683661458728
2012,Northeast,College,7878754.144798279,0.21119516939566674
2012,Northeast,Some college,8203237.335871379,0.2198931540319781
2012,Northeast,High school,12103829.536238352,0.32445108481140217
2012,Northeast,Less than high school,3996684.7718276978,0.10713375514636564
2012,Midwest,High school,14355129.88554128,0.32538565624910154
2012,Midwest,Some college,12435641.823600769,0.28187689752126094
2012,Midwest,College,8593098.462933859,0.19477852202445953
2012,Midwest,Less than high school,4195804.771222432,0.0951057008792675
2012,Midwest,Advanced,4537604.383088429,0.10285322332591042
2013,South,College,14636318.035223642,0.19009884257535015
2013,South,High school,23957599.905059814,0.3111651442579219
2013,South,Advanced,7890273.019610087,0.1024801295668533
2013,South,Some college,20357656.768051147,0.2644085062813841
2013,South,Less than high school,10151351.372792562,0.13184737731849042
2013,West,Some college,13871527.284770966,0.2897814760871217
2013,West,High school,11789446.616255442,0.24628601974200218
2013,West,College,10232082.795347849,0.21375209773308668
2013,West,Advanced,5630825.44990031,0.11763008333281623
2013,West,Less than high school,6345041.2648289995,0.13255032310497333
2013,Northeast,Advanced,5398841.582158406,0.1434417802498484
2013,Northeast,College,8201754.66635259,0.21791235631029082
2013,Northeast,High school,11863464.023272196,0.31520028390013666
2013,Northeast,Some college,8292318.55545934,0.22031854757968322
2013,Northeast,Less than high school,3881480.7472457886,0.1031270319600409
2013,Midwest,College,8719256.57740275,0.19664455740219694
2013,Midwest,Some college,12527812.37284851,0.28253855101146536
2013,Midwest,Advanced,4743271.83241272,0.10697455475050907
2013,Midwest,High school,14317515.782859802,0.3229015603825815
2013,Midwest,Less than high school,4032331.093823751,0.09094077645324712
2014,South,College,15054106.468669891,0.19289828506230736
2014,South,Less than high school,10136250.44971466,0.12988252293692976
2014,South,Advanced,8429017.93359375,0.10800661650251558
2014,South,High school,23695651.26019287,0.30362814963733714
2014,South,Some college,20726655.097215015,0.26558442586091024
2014,West,Some college,13842144.644071579,0.28568928064984234
2014,West,High school,12040945.858996073,0.2485141753141254
2014,West,College,10442666.69852384,0.21552714654264762
2014,West,Less than high school,6241726.118698756,0.1288235523263442
2014,West,Advanced,5884263.320625305,0.12144584516704052
2014,Northeast,Some college,8358653.679658254,0.21982617124936946
2014,Northeast,College,8377002.884981791,0.22030874125481878
2014,Northeast,High school,11918031.721289316,0.3134350796821957
2014,Northeast,Advanced,5516960.647580464,0.1450918272930097
2014,Northeast,Less than high school,3853275.2978604636,0.10133818052060645
2014,Midwest,College,8715196.612821579,0.1948971115629227
2014,Midwest,Some college,12779167.497792562,0.2857793052923684
2014,Midwest,Advanced,4918111.918183644,0.10998326828186737
2014,Midwest,High school,14401524.42396164,0.3220599186716787
2014,Midwest,Less than high school,3902909.6283213296,0.08728039619116279
2015,South,Less than high school,10134308.170238495,0.12773757451966306
2015,South,High school,23721228.666662853,0.29899349453417157
2015,South,College,15545600.437760672,0.1959440408772007
2015,South,Some college,21035950.319266003,0.26514698648994556
2015,South,Advanced,8899851.504430136,0.11217790357901915
2015,West,Some college,14050823.374444326,0.2838126772518172
2015,West,High school,12230923.141984304,0.24705250003365398
2015,West,Advanced,6044291.040807088,0.12208867599180633
2015,West,Less than high school,6392295.522590637,0.12911802089484312
2015,West,College,10789051.546187082,0.2179281258278795
2015,Northeast,High school,11538717.872394562,0.30155759105744845
2015,Northeast,Less than high school,3787683.3218866987,0.09898887128259354
2015,Northeast,Some college,8367321.394617717,0.21867501322664176
2015,Northeast,Advanced,5858445.033208211,0.1531070081697142
2015,Northeast,College,8711561.14669164,0.22767151626360208
2015,Midwest,Less than high school,3849233.567604065,0.08534330073298574
2015,Midwest,High school,14218812.365387598,0.31525246739456614
2015,Midwest,Some college,12833602.369627634,0.28454027724808334
2015,Midwest,Advanced,5146898.450130463,0.1141144839763603
2015,Midwest,College,9054390.84802564,0.20074947064800452
2016,South,Some college,21542123.78805415,0.2668549554291488
2016,South,Less than high school,9758152.326634726,0.12087997125144032
2016,South,Advanced,9396488.813779196,0.11639983263776607
2016,South,High school,23938010.075581867,0.296534207798224
2016,South,College,16091189.980976105,0.19933103288342083
2016,West,Some college,14410618.898373922,0.28534998014178614
2016,West,High school,12332120.206293741,0.24419286088879327
2016,West,College,11174561.90964508,0.22127162209321824
2016,West,Less than high school,6199006.403383891,0.12274881228758312
2016,West,Advanced,6385251.724566142,0.12643672458861918
2016,Northeast,Less than high school,3686499.784172058,0.09554326174098933
2016,Northeast,High school,11428891.413927713,0.2962033440117182
2016,Northeast,Some college,8485894.617387136,0.21992949898342679
2016,Northeast,Advanced,6165988.577838898,0.159804338823994
2016,Northeast,College,8817338.660453796,0.22851955643987165
2016,Midwest,High school,14327852.29011027,0.3163513538053971
2016,Midwest,Some college,12756012.261675516,0.28164596245347234
2016,Midwest,College,9262531.036738077,0.20451175611010206
2016,Midwest,Advanced,5231730.167382558,0.11551381795989125
2016,Midwest,Less than high school,3712820.9012209573,0.08197710967113722
2017,South,Some college,21696678.774790447,0.265746941731394
2017,South,Advanced,9713955.586714426,0.11897922332165238
2017,South,High school,24000939.92185211,0.29397017161548145
2017,South,College,16814014.351819355,0.20594271310388226
2017,South,Less than high school,9418544.815362295,0.1153609502275899
2017,West,Less than high school,6153974.219422658,0.12026258862282795
2017,West,Advanced,6454366.936002095,0.12613294238304826
2017,West,High school,12504748.799705505,0.2443711018457712
2017,West,Some college,14357315.90187327,0.28057445716712126
2017,West,College,11700737.96996816,0.22865890998123134
2017,Northeast,College,8979934.778279623,0.23156481125081632
2017,Northeast,Advanced,6188527.087604523,0.15958301951456358
2017,Northeast,Less than high school,3575161.3782374063,0.09219238114570794
2017,Northeast,High school,11595309.578543345,0.29900725787504856
2017,Northeast,Some college,8440425.447591146,0.21765253021386366
2017,Midwest,High school,14089085.353229523,0.3107797185918327
2017,Midwest,Some college,12781303.441196442,0.28193241698130145
2017,Midwest,Advanced,5405352.091214498,0.11923228227248638
2017,Midwest,College,9581725.83030955,0.2113555268146004
2017,Midwest,Less than high school,3477169.0738894143,0.07670005533977911
2018,South,Some college,21834838.662705738,0.26340771910563193
2018,South,College,17442835.995478313,0.210424162746399
2018,South,Less than high school,9313449.365418753,0.1123541369939643
2018,South,High school,24328937.754136402,0.2934956424947471
2018,South,Advanced,9973631.4551061,0.1203183386592577
2018,West,High school,12699636.67561086,0.24378096198634006
2018,West,Some college,14504624.350006104,0.27842932578422747
2018,West,Advanced,6660542.782948812,0.1278551165244524
2018,West,College,12197022.976301828,0.2341328394254499
2018,West,Less than high school,6032629.534172058,0.1158017562795301
2018,Northeast,Some college,8240557.186623891,0.21074546773619438
2018,Northeast,High school,11761056.517878214,0.30077934061974826
2018,Northeast,Less than high school,3443292.7059110007,0.08805937698457236
2018,Northeast,College,9305769.173765818,0.23798738759481963
2018,Northeast,Advanced,6351267.034768422,0.16242842706466545
2018,Midwest,College,9874341.654671988,0.21608510366194647
2018,Midwest,Advanced,5730910.747338613,0.12541235519535648
2018,Midwest,Less than high school,3448794.6236826577,0.07547167900703822
2018,Midwest,High school,13795341.842693329,0.30189029065243533
2018,Midwest,Some college,12847151.46379598,0.2811405714832236
2019,South,Less than high school,9073109.979328156,0.10796625929785443
2019,South,Some college,21809130.248307545,0.259519637347525
2019,South,High school,24494331.643723805,0.2914724242954398
2019,South,College,18070945.252067566,0.21503678069452095
2019,South,Advanced,10589014.64431254,0.12600489836465986
2019,West,Some college,14563770.81151835,0.27701153542569185
2019,West,Less than high school,5924319.726792653,0.11268406548760115
2019,West,College,12399984.034015656,0.2358550310198565
2019,West,High school,12730612.358272552,0.24214377731660475
2019,West,Advanced,6955913.578862508,0.13230559075024584
2019,Northeast,Advanced,6458459.5497500105,0.16606257864230278
2019,Northeast,Some college,8188461.192756653,0.2105450952052847
2019,Northeast,High school,11504281.499937693,0.2958028360463355
2019,Northeast,College,9498866.11876297,0.24423876772919298
2019,Northeast,Less than high school,3241653.0762964883,0.083350722376884
2019,Midwest,Less than high school,3367119.0069325767,0.07331920222262606
2019,Midwest,Advanced,5760098.087721507,0.12542645378624465
2019,Midwest,Some college,12965506.585739136,0.28232462152996685
2019,Midwest,College,10102549.122283936,0.2199835647435378
2019,Midwest,High school,13728835.819081625,0.2989461577176246
2020,South,Less than high school,8289080.230765025,0.09769331130946989
2020,South,Some college,21795650.74286143,0.2568788374507411
2020,South,College,19001810.07989629,0.2239512341416199
2020,South,High school,24615734.297611237,0.29011573382078165
2020,South,Advanced,11145705.740500132,0.1313608832773875
2020,West,High school,12712441.273375193,0.23954400174546137
2020,West,Advanced,7457657.916175842,0.1405266842515116
2020,West,College,12867082.202072144,0.24245794298594403
2020,West,Some college,14495718.009757996,0.27314677217063454
2020,West,Less than high school,5536437.258041382,0.10432459884644851
2020,Northeast,High school,11241472.408920288,0.28958127841441345
2020,Northeast,College,9715938.025758108,0.25028338389743726
2020,Northeast,Some college,8082327.75552241,0.20820144540418561
2020,Northeast,Less than high school,2873079.225013733,0.07401076342145106
2020,Northeast,Advanced,6906931.121266683,0.17792312886251258
2020,Midwest,Less than high school,3183407.6289164224,0.06904365536877106
2020,Midwest,Some college,12973880.215137482,0.28138530115748084
2020,Midwest,Advanced,5978510.45846812,0.1296655231845282
2020,Midwest,College,10432939.858566284,0.22627586160656185
2020,Midwest,High school,13538432.902109781,0.293629658682658
2021,South,Some college,21688478.40260442,0.2528600674107955
2021,South,College,19266830.031124115,0.22462672807315798
2021,South,Advanced,11214304.903673807,0.1307445290199639
2021,South,High school,25269040.047943115,0.29460486122261637
2021,South,Less than high school,8333997.965606689,0.09716381427346626
2021,West,Some college,14290594.483769735,0.26834399336120957
2021,West,High school,12825977.092121124,0.24084189888447993
2021,West,College,12945971.59032186,0.2430951153524953
2021,West,Advanced,7612017.817119598,0.14293591920913007
2021,West,Less than high school,5580197.227460225,0.10478307319268515
2021,Northeast,College,9840055.745667776,0.2532479336240248
2021,Northeast,Advanced,6954873.994724274,0.17899364732306824
2021,Northeast,High school,11200814.963923136,0.2882690218261656
2021,Northeast,Less than high school,2949618.62269338,0.07591266152175116
2021,Northeast,Some college,7910060.308062236,0.20357673570499013
2021,Midwest,Advanced,6106200.2197596235,0.13188240068569587
2021,Midwest,College,10366646.804936728,0.22390000630368695
2021,Midwest,Some college,12772810.00730896,0.275868590390326
2021,Midwest,High school,13921747.552054087,0.3006834729990855
2021,Midwest,Less than high school,3132937.144720713,0.06766552962120562
2022,South,College,19409429.174485523,0.2246636655517646
2022,South,Advanced,11570634.4033254,0.1339298087770447
2022,South,Some college,21783433.660266876,0.25214270911442044
2022,South,High school,25575626.29686737,0.29603724565942213
2022,South,Less than high school,8054148.50046285,0.09322657089734813
2022,West,Some college,14104449.747407278,0.26425840076177637
2022,West,Advanced,8054172.933115642,0.15090151667598167
2022,West,College,13115508.902545929,0.24572978526870476
2022,West,High school,12660121.326555887,0.2371977266125327
2022,West,Less than high school,5439451.414432526,0.1019125706810046
2022,Northeast,College,10164743.907450357,0.2556056841461478
2022,Northeast,Advanced,7120318.233627319,0.17904964748896604
2022,Northeast,High school,11416849.20989736,0.28709149779467513
2022,Northeast,Some college,7923201.905816396,0.19923919994480715
2022,Northeast,Less than high school,3142171.032702128,0.07901397062540384
2022,Midwest,Some college,12743907.406214396,0.2741680037097478
2022,Midwest,High school,14062214.980674744,0.3025296156113678
2022,Midwest,College,10497025.899202982,0.2258293742993306
2022,Midwest,Advanced,6042934.253634135,0.13000559153939079
2022,Midwest,Less than high school,3136027.8224512734,0.06746741484016307
2023,South,College,11654914.052153269,0.2289793893456307
2023,South,High school,14889763.738571167,0.29253317468513107
2023,South,Advanced,6904893.0322977705,0.13565764474602338
2023,South,Less than high school,4750489.9605356855,0.09333095768776123
2023,South,Some college,12699341.496534983,0.24949883353545368
2023,West,Less than high school,3068534.84473292,0.09841084679056218
2023,West,Advanced,4731666.510907491,0.1517490697126107
2023,West,High school,7444932.037043254,0.23876608972559388
2023,West,College,7728531.213233948,0.24786138650084077
2023,West,Some college,8207195.48020045,0.2632126072703925
2023,Northeast,Advanced,4272686.086926778,0.18478231968573192
2023,Northeast,High school,6653551.539805095,0.2877484239798374
2023,Northeast,College,5781649.20631663,0.25004096491459993
2023,Northeast,Some college,4638103.008646647,0.2005856305478187
2023,Northeast,Less than high school,1776818.08816274,0.07684266087201201
2023,Midwest,Advanced,3549497.4409484863,0.13000628165539352
2023,Midwest,College,6379930.472727458,0.23367562641701628
2023,Midwest,Some college,7502574.725176494,0.27479435021124937
2023,Midwest,High school,8143604.389795939,0.2982731340431681
2023,Midwest,Less than high school,1726900.1714045207,0.06325060767317277
